{"columns": ["Model-Name", "Image", "Num-Objects", "Mean-Confidence", "Speed"], "data": [["yolov8n", "Image", 3, {"car": 0.3555101454257965}, {"preprocess": 10.446548461914062, "inference": 67.48080253601074, "postprocess": 0.0}]]}