{"_wandb":{"runtime":605},"val/mAP_50":0,"_timestamp":1.7349562805229425e+09,"train/cls_loss":0,"val/precision":0,"val/mAP_50_95":0,"train/box_loss":0,"predictions":{"size":1369442,"path":"media/images/predictions_176_595438e936899332a308.png","format":"png","width":1024,"height":1024,"_type":"image-file","sha256":"595438e936899332a308f14d63584a54ad53130ec686a20fd3f8fa10811296a3"},"train/dfl_loss":0,"_runtime":605.4794205,"_step":176,"val/recall":0}