{"_wandb":{"runtime":2270},"train/cls_loss":0,"val/mAP_50":0,"val/mAP_50_95":0,"train/dfl_loss":0,"_runtime":2270.8889341,"_timestamp":1.7349588075028973e+09,"val/recall":0,"train/box_loss":0,"val/precision":0,"predictions":{"width":1024,"height":1024,"_type":"image-file","sha256":"595438e936899332a308f14d63584a54ad53130ec686a20fd3f8fa10811296a3","size":1369442,"path":"media/images/predictions_176_595438e936899332a308.png","format":"png"},"_step":176}