{"train/loss":0,"precision":0,"predictions":{"path":"media/images/predictions_175_595438e936899332a308.png","format":"png","width":1024,"height":1024,"_type":"image-file","sha256":"595438e936899332a308f14d63584a54ad53130ec686a20fd3f8fa10811296a3","size":1369442},"_wandb":{"runtime":1021},"_runtime":1021.6206755,"val/mAP50-95":0,"recall":0,"val/mAP50":0,"_timestamp":1.7349630156499214e+09,"_step":175}