{"val/mAP50":0,"val/mAP50-95":0,"precision":0,"predictions":{"size":1573994,"path":"media/images/predictions_80_77a0f4837d2ce55b3c1d.png","format":"png","width":1024,"height":1024,"_type":"image-file","sha256":"77a0f4837d2ce55b3c1d35cbbddcd80c247815cdf4a3212b84dd73c2996156e3"},"_wandb":{"runtime":2508},"_step":80,"train/loss":0,"recall":0,"_runtime":2508.8606584,"_timestamp":1.7349682042381074e+09}